{
  "type": "minecraft:chest",
  "pools": [
    {
      "rolls": {
        "type": "minecraft:uniform",
        "min": 5,
        "max": 10
      },
      "entries": [
        {
          "type": "minecraft:item",
          "name": "minecraft:wheat",
          "weight": 125,
          "functions": [
            {
              "function": "minecraft:set_count",
              "count": {
                "min": 1,
                "max": 3
              }
            }
          ]
        },
        {
          "type": "minecraft:item",
          "name": "minecraft:bone_meal",
          "weight": 250,
          "functions": [
            {
              "function": "minecraft:set_count",
              "count": {
                "min": 1,
                "max": 2
              }
            }
          ]
        },
        {
          "type": "minecraft:item",
          "name": "minecraft:rotten_flesh",
          "weight": 250,
          "functions": [
            {
              "function": "minecraft:set_count",
              "count": {
                "min": 1,
                "max": 4
              }
            }
          ]
        },
        {
          "type": "minecraft:item",
          "name": "minecraft:glow_berries",
          "weight": 250,
          "functions": [
            {
              "function": "minecraft:set_count",
              "count": {
                "min": 1,
                "max": 3
              }
            }
          ]
        },
        {
          "type": "minecraft:item",
          "name": "minecraft:clay_ball",
          "weight": 250,
          "functions": [
            {
              "function": "minecraft:set_count",
              "count": {
                "min": 1,
                "max": 3
              }
            }
          ]
        },
        {
          "type": "minecraft:item",
          "name": "minecraft:wild_armor_trim_smithing_template",
          "weight": 1,
          "functions": [
            {
              "function": "minecraft:set_name",
              "name": {
                "text": "[LEGENDARY]",
                "color": "#ffd700",
                "bold": true,
                "italic": false,
                "underlined": false,
                "extra": [
                  {
                    "text": " Wild Template",
                    "color": "#2a9215"
                  }
                ]
              }
            }
          ]
        },
        {
          "type": "minecraft:item",
          "name": "minecraft:dune_armor_trim_smithing_template",
          "weight": 1,
          "functions": [
            {
              "function": "minecraft:set_name",
              "name": {
                "text": "[LEGENDARY]",
                "color": "#ffd700",
                "bold": true,
                "italic": false,
                "underlined": false,
                "extra": [
                  {
                    "text": " Dune Template",
                    "color": "#f2ee90",
                    "bold": true,
                    "italic": false,
                    "underlined": false
                  }
                ]
              }
            }
          ]
        },
        {
          "type": "minecraft:item",
          "name": "minecraft:sentry_armor_trim_smithing_template",
          "weight": 1,
          "functions": [
            {
              "function": "minecraft:set_name",
              "name": {
                "text": "[LEGENDARY]",
                "color": "#ffd700",
                "bold": true,
                "italic": false,
                "underlined": false,
                "extra": [
                  {
                    "text": " Sentry Template",
                    "color": "#3e2413"
                  }
                ]
              }
            }
          ]
        },
        {
          "type": "minecraft:item",
          "name": "minecraft:netherite_upgrade_smithing_template",
          "weight": 1,
          "functions": [
            {
              "function": "minecraft:set_name",
              "name": {
                "text": "[LEGENDARY]",
                "color": "#ffd700",
                "bold": true,
                "italic": false,
                "underlined": false,
                "extra": [
                  {
                    "text": " Netherite Upgrade",
                    "color": "#79250f"
                  }
                ]
              }
            }
          ]
        },
        {
          "type": "minecraft:item",
          "name": "minecraft:snout_armor_trim_smithing_template",
          "weight": 1,
          "functions": [
            {
              "function": "minecraft:set_name",
              "name": {
                "text": "[LEGENDARY]",
                "color": "#ffd700",
                "bold": true,
                "italic": false,
                "underlined": false,
                "extra": [
                  {
                    "text": " Snout Template",
                    "color": "#383636"
                  }
                ]
              }
            }
          ]
        },
        {
          "type": "minecraft:item",
          "name": "minecraft:poppy",
          "weight": 250,
          "functions": [
            {
              "function": "minecraft:set_count",
              "count": {
                "type": "minecraft:uniform",
                "min": 1,
                "max": 3
              },
              "add": false
            }
          ]
        },
        {
          "type": "minecraft:item",
          "name": "minecraft:oxeye_daisy",
          "weight": 250,
          "functions": [
            {
              "function": "minecraft:set_count",
              "count": {
                "min": 1,
                "max": 2
              }
            }
          ]
        },
        {
          "type": "minecraft:item",
          "name": "minecraft:copper_ingot",
          "weight": 250,
          "functions": [
            {
              "function": "minecraft:set_count",
              "count": {
                "min": 1,
                "max": 3
              },
              "add": false
            }
          ]
        },
        {
          "type": "minecraft:item",
          "name": "minecraft:leather_boots",
          "weight": 125,
          "functions": [
            {
              "function": "minecraft:enchant_with_levels",
              "levels": 30
            },
            {
              "function": "minecraft:set_count",
              "count": {
                "type": "minecraft:uniform",
                "min": 1,
                "max": 0
              },
              "add": false
            }
          ]
        }
      ]
    }
  ]
}
