{
  "display": {
    "icon": {
      "id": "minecraft:end_stone",
      "count": 1
    },
    "title": {
      "translate": "advancements.story.enter_the_end.title"
    },
    "description": {
      "translate": "advancements.story.enter_the_end.description"
    }
  },
  "parent": "minecraft:story/follow_ender_eye",
  "criteria": {
    "entered_end": {
      "trigger": "minecraft:changed_dimension",
      "conditions": {
        "to": "minecraft:the_end"
      }
    }
  },
  "requirements": [
    [
      "entered_end"
    ]
  ],
  "rewards": {
    "function": "fib:enter_end"
  },
  "sends_telemetry_event": true
}
