{
  "variants": {
    "facing=east,half=bottom,shape=straight": {
      "model": "minecraft:block/polished_blackstone_stairs"
    },
    "facing=east,half=top,shape=straight": {
      "model": "minecraft:block/polished_blackstone_stairs",
      "x": 180,
      "uvlock": true
    },
    "facing=north,half=bottom,shape=straight": {
      "model": "minecraft:block/polished_blackstone_stairs",
      "y": 270,
      "uvlock": true
    },
    "facing=north,half=top,shape=straight": {
      "model": "minecraft:block/polished_blackstone_stairs",
      "x": 180,
      "y": 270,
      "uvlock": true
    },
    "facing=south,half=bottom,shape=straight": {
      "model": "minecraft:block/polished_blackstone_stairs",
      "y": 90,
      "uvlock": true
    },
    "facing=south,half=top,shape=straight": {
      "model": "minecraft:block/polished_blackstone_stairs",
      "x": 180,
      "y": 90,
      "uvlock": true
    },
    "facing=west,half=bottom,shape=straight": {
      "model": "minecraft:block/polished_blackstone_stairs",
      "y": 180,
      "uvlock": true
    },
    "facing=west,half=top,shape=straight": {
      "model": "minecraft:block/polished_blackstone_stairs",
      "x": 180,
      "y": 180,
      "uvlock": true
    }
  }
}
