{
  "display": {
    "icon": {
      "item": "minecraft:enchanted_golden_apple"
    },
    "title": "The Holy Banana",
    "description": "Obtain Cavendish in the Antimatter Depths",
    "frame": "challenge",
    "show_toast": true,
    "announce_to_chat": true,
    "hidden": false
  },
  "parent": "minecraft:nether/loot_bastion",
  "criteria": {
    "cavendish": {
      "trigger": "minecraft:inventory_changed",
      "conditions": {
        "player": [],
        "items": [
          {
            "items": [
              "minecraft:enchanted_golden_apple"
            ],
            "nbt": "{display: {Name: '{\"text\":\"Cavendish\",\"italic\":false,\"underlined\":true,\"color\":\"#EDC830\",\"bold\":true}'}}"
          }
        ]
      }
    }
  },
  "requirements": [
    [
      "cavendish"
    ]
  ]
}
