{
  "display": {
    "icon": {
      "item": "minecraft:golden_apple"
    },
    "title": "+15 Mult",
    "description": "Obtain Gros Michel in the Antimatter Depths",
    "frame": "challenge",
    "show_toast": true,
    "announce_to_chat": true,
    "hidden": false
  },
  "parent": "minecraft:nether/loot_bastion",
  "criteria": {
    "gros_michel": {
      "trigger": "minecraft:inventory_changed",
      "conditions": {
        "player": [],
        "items": [
          {
            "items": [
              "minecraft:golden_apple"
            ],
            "nbt": "{display: {Name: '{\"text\":\"Gros Michel\",\"italic\":false,\"underlined\":false,\"color\":\"#E0B916\",\"bold\":true}'}}"
          }
        ]
      }
    }
  },
  "requirements": [
    [
      "gros_michel"
    ]
  ]
}
