{
  "type": "minecraft:chest",
  "pools": [
    {
      "rolls": 1,
      "entries": [
        {
          "type": "minecraft:item",
          "name": "minecraft:paper",
          "weight": 10,
          "functions": [
            {
              "function": "minecraft:set_name",
              "name": {
                "text": "You didn't hit 10%",
                "color": "red",
                "italic": false
              }
            }
          ]
        },
        {
          "type": "minecraft:item",
          "name": "minecraft:music_disc_13"
        },
        {
          "type": "minecraft:item",
          "name": "minecraft:music_disc_cat"
        },
        {
          "type": "minecraft:item",
          "name": "minecraft:music_disc_otherside"
        },
        {
          "type": "minecraft:item",
          "name": "minecraft:music_disc_relic"
        }
      ]
    }
  ]
}
