{
  "type": "minecraft:chest",
  "pools": [
    {
      "rolls": 1,
      "entries": [
        {
          "type": "minecraft:item",
          "name": "minecraft:music_disc_pigstep",
          "weight": 1
        },
        {
          "type": "minecraft:item",
          "name": "minecraft:music_disc_tears",
          "weight": 1
        },
        {
          "type": "minecraft:item",
          "name": "minecraft:music_disc_13",
          "weight": 1
        },
        {
          "type": "minecraft:item",
          "name": "minecraft:music_disc_cat",
          "weight": 1
        },
        {
          "type": "minecraft:item",
          "name": "minecraft:music_disc_otherside",
          "weight": 1
        },
        {
          "type": "minecraft:item",
          "name": "minecraft:music_disc_relic",
          "weight": 1
        },
        {
          "type": "minecraft:item",
          "name": "minecraft:paper",
          "weight": 54,
          "functions": [
            {
              "function": "minecraft:set_name",
              "name": {
                "text": "You didn't hit 10%",
                "color": "red",
                "italic": false
              }
            }
          ]
        }
      ]
    }
  ]
}