{
  "type": "minecraft:chest",
  "pools": [
    {
      "rolls": {
        "min": 3,
        "max": 7
      },
      "entries": [
        {
          "type": "minecraft:item",
          "name": "minecraft:pitcher_plant",
          "weight": 2,
          "functions": [
            {
              "function": "minecraft:set_count",
              "count": 1
            }
          ]
        },
        {
          "type": "minecraft:item",
          "name": "minecraft:lilac",
          "weight": 10
        },
        {
          "type": "minecraft:item",
          "name": "minecraft:peony",
          "weight": 10
        },
        {
          "type": "minecraft:item",
          "name": "minecraft:sunflower",
          "weight": 10
        },
        {
          "type": "minecraft:item",
          "name": "minecraft:feather",
          "weight": 10
        },
        {
          "type": "minecraft:item",
          "name": "minecraft:oxeye_daisy",
          "weight": 10
        },
        {
          "type": "minecraft:item",
          "name": "minecraft:apple",
          "weight": 10
        }
      ]
    },
    {
      "rolls": 1,
      "entries": [
        {
          "type": "minecraft:empty",
          "weight": 40
        },
        {
          "type": "minecraft:item",
          "name": "minecraft:honey_bottle",
          "weight": 1
        },
        {
          "type": "minecraft:item",
          "name": "minecraft:honeycomb_block",
          "weight": 1
        },
        {
          "type": "minecraft:item",
          "name": "minecraft:grass_block",
          "weight": 1
        }
      ]
    }
  ]
}
