{
  "display": {
    "icon": {
      "item": "minecraft:end_crystal"
    },
    "title": {
      "translate": "Forgotten Entrance"
    },
    "description": {
      "translate": "Visit the Antimatter Depths"
    },
    "frame": "challenge",
    "show_toast": true,
    "announce_to_chat": true,
    "hidden": false
  },
  "parent": "minecraft:nether/root",
  "criteria": {
    "antimatter_depths": {
      "trigger": "minecraft:location",
      "conditions": {
        "player": {
          "location": {
            "structure": "fib:antimatter_depths"
          }
        }
      }
    }
  },
  "requirements": [
    [
      "antimatter_depths"
    ]
  ]
}

