{
  "display": {
    "icon": {
      "id": "minecraft:end_crystal",
      "count": 1
    },
    "title": {
      "translate": "Forgotten Entrance"
    },
    "description": {
      "translate": "Visit the Antimatter Depths"
    },
    "frame": "challenge",
    "show_toast": true,
    "announce_to_chat": true,
    "hidden": false
  },
  "parent": "fib:fib/root",
  "criteria": {
    "antimatter_depths": {
      "trigger": "minecraft:location",
      "conditions": {
        "player": [
          {
            "condition": "minecraft:entity_properties",
            "entity": "this",
            "predicate": {
              "location": {
                "structures": "fib:antimatter_depths"
              }
            }
          }
        ]
      }
    }
  },
  "requirements": [
    [
      "antimatter_depths"
    ]
  ]
}
