{
  "display": {
    "icon": {
      "id": "minecraft:enchanted_golden_apple",
      "count": 1,
      "components": {
        "minecraft:custom_model_data": 1
      }
    },
    "title": "The Holy Banana",
    "description": "Obtain Cavendish in the Antimatter Depths",
    "frame": "challenge",
    "show_toast": true,
    "announce_to_chat": true,
    "hidden": false
  },
  "parent": "fib:fib/antimatter",
  "criteria": {
    "cavendish": {
      "trigger": "minecraft:inventory_changed",
      "conditions": {
        "player": [],
        "items": [
          {
            "items": "minecraft:enchanted_golden_apple",
            "components": {
              "minecraft:custom_name": "{\"text\":\"Cavendish\",\"italic\":false,\"underlined\":true,\"color\":\"#EDC830\",\"bold\":true}"
            }
          }
        ]
      }
    }
  },
  "requirements": [
    [
      "cavendish"
    ]
  ]
}