{
  "display": {
    "icon": {
      "id": "minecraft:golden_apple",
      "count": 1,
      "components": {
        "minecraft:custom_model_data": {
          "strings": [
            "gros_michel"
          ]
        }
      }
    },
    "title": "+15 Mult",
    "description": "Obtain Gros Michel in the Antimatter Depths",
    "frame": "challenge",
    "show_toast": true,
    "announce_to_chat": true,
    "hidden": false
  },
  "parent": "fib:fib/antimatter",
  "criteria": {
    "gros_michel": {
      "trigger": "minecraft:inventory_changed",
      "conditions": {
        "player": [],
        "items": [
          {
            "items": "minecraft:golden_apple",
            "components": {
              "minecraft:custom_name": "{\"text\":\"Gros Michel\",\"italic\":false,\"underlined\":false,\"color\":\"#E0B916\",\"bold\":true}"
            }
          }
        ]
      }
    }
  },
  "requirements": [
    [
      "gros_michel"
    ]
  ]
}