{
  "display": {
    "icon": {
      "id": "minecraft:knowledge_book",
      "count": 1
    },
    "title": "Antimatter",
    "description": "Craft the Antimatter Locator",
    "background": "minecraft:textures/gui/advancements/backgrounds/deepslate_tiles.png",
    "frame": "task",
    "show_toast": true,
    "announce_to_chat": true,
    "hidden": false
  },
  "criteria": {
    "crafted_antimatter_locator": {
      "trigger": "minecraft:recipe_crafted",
      "conditions": {
        "recipe_id": "fib:antimatter_locator"
      }
    }
  },
  "requirements": [
    [
      "crafted_antimatter_locator"
    ]
  ]
}