{
  "display": {
    "icon": {
      "id": "minecraft:fire_coral_fan",
      "count": 1
    },
    "title": "Boon and Bane",
    "description": "Obtain a Silk Touch tool of a ruined portal chest",
    "frame": "challenge",
    "show_toast": true,
    "announce_to_chat": true,
    "hidden": false
  },
  "parent": "fib:fib/root",
  "criteria": {
    "silk_touch": {
      "trigger": "minecraft:inventory_changed",
      "conditions": {
        "items": [
          {
            "items": [
              "minecraft:golden_pickaxe",
              "minecraft:golden_axe",
              "minecraft:golden_shovel",
              "minecraft:golden_hoe"
            ],
            "components": {
              "minecraft:enchantments": {
                "minecraft:silk_touch": 1
              }
            }
          }
        ]
      }
    }
  },
  "requirements": [
    [
      "silk_touch"
    ]
  ],
  "sends_telemetry_event": true
}
